[
  {
    "namaperusahaan": "PT Indofood CBP Sukses Makmur,Tbk-Noodle Division",
    "slug": "pt-indofood-cbp-sukses-makmur-tbk-noodle-division"
  },
  {
    "namaperusahaan": "PT. Malindo Feedmill, Tbk",
    "slug": "pt-malindo-feedmill-tbk"
  },
  {
    "namaperusahaan": "PT ELEVENIA DIGITAL TEKNOLOKI SUKSES",
    "slug": "pt-elevenia-digital-teknologi-sukses"
  },
  {
    "namaperusahaan": "Coca-Cola Europacific Partners Indonesia (CCEP Indonesia)",
    "slug": "coca-cola-europacific-partners-indonesia"
  },
  {
    "namaperusahaan": "Bina Nusanatara Group",
    "slug": "bina-nusantara-group"
  },
  {
    "namaperusahaan": "PT Sanghiang Perkasa (Kalbe Nutritionals)",
    "slug": "pt-sanghiang-perkata-kalbe-nutritionals"
  },
  {
    "namaperusahaan": "PT. GMZ BIOMEGA UTAMA",
    "slug": "pt-gmz-biomega-utama"
  },
  {
    "namaperusahaan": "PT Bumi Rasa Pangan Utama",
    "slug": "pt-bumi-rasa-pangan-utama"
  }
]
