[
  {
    "namaperusahaan": "PPM School of Management",
    "slug": "ppm-school-of-management"
  },
  {
    "namaperusahaan": "Universitas Mercu Buana Jakarta",
    "slug": "universitas-mercu-buana-jakarta"
  },
  {
    "namaperusahaan": "Erasmus",
    "slug": "erasmus"
  },
  {
    "namaperusahaan": "Leiden University",
    "slug": "leiden-unversity"
  },
  {
    "namaperusahaan": "GROW Dutch Universities Representative (Study in Holland)",
    "slug": "grow-ducth-universities-representative"
  }
]
