[
  {
    "namaperusahaan": "Mentai Skuyy",
    "slug": "mentai-skuyy"
  },
  {
    "namaperusahaan": "Bakso Ikan Mas Joglir",
    "slug": "bakso-ikan-mas-joglir"
  },
  {
    "namaperusahaan": "Tayos Fresh",
    "slug": "tayos-fresh"
  },
  {
    "namaperusahaan": "Vifara.co",
    "slug": "vifara-co"
  },
  {
    "namaperusahaan": "Hi-Moon",
    "slug": "hi-moon"
  },
  {
    "namaperusahaan": "Gizimate",
    "slug": "gizimate"
  },
  {
    "namaperusahaan": "/usr/share/nginx/html/themes/jobfair2021"
  }
]
